{
  "version": 1,
  "author": "Anonymous maker",
  "editor": "wokwi",
  "parts": [
    { "type": "wokwi-esp32-devkit-v1", "id": "esp", "top": 13.34, "left": 0.67, "attrs": {} },
    {
      "type": "wokwi-led",
      "id": "led1",
      "top": -61.47,
      "left": 7.14,
      "attrs": { "color": "red" }
    },
    {
      "type": "wokwi-led",
      "id": "led2",
      "top": -61.2,
      "left": 42.2,
      "attrs": { "color": "yellow" }
    },
    {
      "type": "wokwi-led",
      "id": "led3",
      "top": -62.13,
      "left": 80.47,
      "attrs": { "color": "limegreen" }
    },
    {
      "type": "wokwi-led",
      "id": "led4",
      "top": 260.13,
      "left": 73,
      "attrs": { "color": "limegreen" }
    },
    {
      "type": "wokwi-led",
      "id": "led5",
      "top": 260.8,
      "left": 33,
      "attrs": { "color": "yellow" }
    },
    {
      "type": "wokwi-led",
      "id": "led6",
      "top": 262.13,
      "left": -8.33,
      "attrs": { "color": "red" }
    },
    {
      "type": "wokwi-led",
      "id": "led7",
      "top": 129.47,
      "left": 160.33,
      "attrs": { "color": "limegreen" }
    },
    {
      "type": "wokwi-led",
      "id": "led8",
      "top": 64.8,
      "left": 161,
      "attrs": { "color": "yellow" }
    },
    { "type": "wokwi-led", "id": "led9", "top": 4.13, "left": 157, "attrs": { "color": "red" } },
    {
      "type": "wokwi-led",
      "id": "led10",
      "top": 120.8,
      "left": -101,
      "attrs": { "color": "limegreen" }
    },
    {
      "type": "wokwi-led",
      "id": "led11",
      "top": 66.8,
      "left": -103,
      "attrs": { "color": "yellow" }
    },
    {
      "type": "wokwi-led",
      "id": "led12",
      "top": 10.13,
      "left": -103.67,
      "attrs": { "color": "red" }
    }
  ],
  "connections": [
    [ "esp:TX0", "$serialMonitor:RX", "", [] ],
    [ "esp:RX0", "$serialMonitor:TX", "", [] ],
    [ "led1:A", "esp:D13", "green", [ "v0" ] ],
    [ "led2:A", "esp:D12", "green", [ "v0" ] ],
    [ "led3:A", "esp:D14", "green", [ "v0" ] ],
    [ "led6:A", "esp:D21", "green", [ "v0" ] ],
    [ "led5:A", "esp:D22", "green", [ "v0" ] ],
    [ "led4:A", "esp:D23", "green", [ "v0" ] ],
    [ "led9:A", "esp:D25", "green", [ "v0" ] ],
    [ "led8:A", "esp:D26", "green", [ "v0" ] ],
    [ "led7:A", "esp:D27", "green", [ "v0" ] ],
    [ "led12:A", "esp:D4", "green", [ "v0" ] ],
    [ "led11:A", "esp:D5", "green", [ "v0" ] ],
    [ "led10:A", "esp:D2", "green", [ "v0" ] ],
    [ "led1:C", "esp:GND.2", "green", [ "v0" ] ],
    [ "led2:C", "esp:GND.2", "green", [ "v0" ] ],
    [ "led3:C", "esp:GND.2", "green", [ "v0" ] ],
    [ "led9:C", "esp:GND.1", "green", [ "v0" ] ],
    [ "led8:C", "esp:GND.1", "green", [ "v0" ] ],
    [ "led7:C", "esp:GND.1", "green", [ "v0" ] ],
    [ "led12:C", "esp:GND.2", "green", [ "v0" ] ],
    [ "led11:C", "esp:GND.2", "green", [ "v0" ] ],
    [ "led10:C", "esp:GND.2", "green", [ "v0" ] ],
    [ "led6:C", "esp:GND.1", "green", [ "v0" ] ],
    [ "led5:C", "esp:GND.1", "green", [ "v0" ] ],
    [ "led4:C", "esp:GND.1", "green", [ "v-139.13", "h17.5" ] ]
  ],
  "dependencies": {}
}